Francis Xavier;1500;Jesuit Missionary;mw84997.jpg
Jerome Zanchius;1500;Italian Protestant Reformation clergyman;mw124183.jpg
Edward la Zouche, 11th Baron Zouche;1500;Landowner;mw128701.jpg
Ulricus Zuinglius;1500;Swiss reformer;mw128701.jpg
Ulrich Zwingli;1500;Leader of the Protestant Reformation in Switzerland;mw125435.jpg
Sir William Waad;1500;Diplomat;mw129338.jpg
Cornelius van Dun;1500;Yeoman of the guard, founder of almshouses;mw127427.jpg
Emanuel van Meteren;1500;Flemish Historian and Consul for 'the Traders of the Low Countries' in London;mw129510.jpg
Oliver van Noort;1500;Dutch circumnavigator;mw127354.jpg
Margaret Pole, Countess of Salisbury;1500;Noblewoman;mw05579.jpg
Robert Cecil, 1st Earl of Salisbury;1500;Statesman;mw05580.jpg
William Paget, 1st Baron Paget;1500;Secretary of State and Lord Privy Seal;mw04824.jpg
Catherine Paget (née Knyvelt), Lady Paget;1500;First wife of 2nd Lord Paget;mw84374.jpg
Johannes Oecolampadius;1500;German religious reformer;mw125435 (1).jpg
John Napier of Merchiston;1500;Mathematician;mw133542.jpg
John Rainolds (Reynolds);1500;Theologian and college head;mw126782.jpg
Thomas Vaux, 2nd Baron Vaux of Harrowden;1500;Poet and diplomat;mw124923.jpg
Sir Richard Saltonston;1500;Lord Mayor of London;mw127418.jpg
Thomas Nash;1500;Author;mw38768.jpg
John VII, Count of Nassau;1500;Count of Nassau and Siegen;mw129444.jpg
William Louis, Count of Nassau-Dillenburg;1500;Count of Nassau-Dillenburg;mw129444 (1).jpg
Sir John Pakington;1500;Courtier;mw127399.jpg
Sir Walter Ralegh;1500;Soldier, sailor, poet and writer;mw05203.jpg
Edward Oldcorne;1500;Jesuit;mw127068.jpg
Sir Robert Naunton;1500;Secretary of State;mw129374.jpg
Henry Walpole;1500;English Jesuit Martyr;mw127070.jpg
Katherine of Aragon;1500;First Queen of Henry VIII;mw194913.jpg
Katherine Parr;1500;Sixth Queen of Henry VIII;mw01957.jpg
Sir Francis Vere;1500;Soldier;mw122713.jpg
William Lambarde;1500;Historian and lawyer;mw03721.jpg
Sir John Gage;1500;Statesman and military commander;mw81239.jpg
Pietro Vermigli;1500;Reformer, Theologian and known as 'Peter Martyr';mw06496.jpg
Jahangir;1500;Ruler of the Mughal Empire;mw219460.jpg
King James I of England and VI of Scotland;1500;Reigned Scotland 1567-1625 and England 1603-25;mw03415.jpg
James V of Scotland;1500;Father of Mary Queen of Scots, reigned Scotland 1513-42;mw126185.jpg
George Abbot;1500;Archbishop of Canterbury;mw00001.jpg
Robert Abbot;1500;Bishop of Salisbury;mw128870.jpg
Gregory Fiennes, 10th Baron Dacre;1500;Peer;mw07263.jpg
Paracelsus;1500;Alchemist, physician, astrologer and general occultist;mw124104.jpg
David Pareus;1500;German Protestant theologian;mw125435 (2).jpg
Sir Edwin Sandys;1500;Statesman and author;mw38444.jpg
Gervase Babington;1500;Bishop;mw128826.jpg
Alexander Neville;1500;Author;mw198137.jpg
Balthasar Rantzau;1500;Bishop of Lubeck;mw129527.jpg
Daniel Rantzau;1500;German-Danish General;mw129527 (1).jpg
Heinrich Rantzau;1500;German humanist writer and statesman;mw129527 (2).jpg
Johan Rantzau;1500;Commander of the Danish Army;mw129527 (3).jpg
Sir Nicholas Bacon;1500;Lord Keeper of the Great Seal;mw00267.jpg
Sir Julius Caesar;1500;Judge;mw00997.jpg
Infanta Isabella Clara Eugenia;1500;Joint governor of the Spanish Netherlands, first wife of Albert VII, Archduke of Austria;mw156450.jpg
Matthew Parker;1500;Archbishop of Canterbury;mw126710.jpg
Francis Raphelengius;1500;Linguist, professor, printer and bookseller;mw128023.jpg
Thomas Tesdale;1500;Founder of Pembroke College, Oxford;mw129077.jpg
John Caius;1500;Scholar and physician;mw126046.jpg
Andrea del Sarto;1500;Painter;mw119777.jpg
Sir Henry Bellasis, Lord Newburgh;1500;Politician, High Sheriff of Yorkshire;mw130911.jpg
Margaret, Duchess of Parma;1500;Governor of the Netherlands and illegitimate daughter of Charles V;mw125486.jpg
François Ravaillac;1500;Assassin of Henry IV, King of France;mw127891.jpg
Sir Thomas Gargrave;1500;Speaker of the House of Commons;mw02417.jpg
Juan Lewis Vives;1500;Theologian and teacher;mw125221.jpg
James Butler, 9th Earl of Ormond and Ossory;1500;Soldier;mw200667.jpg
Laurence Saunders;1500;Prebendary of York and Protestant martyr;mw81190.jpg
Henry Garnett;1500;Jesuit, Gunpowder plot conspirator;mw85469.jpg
Abraham Ortelius (Ortels);1500;Cartographer, geographer and creator of the first modern atlas;mw128038.jpg
John Jegon;1500;Bishop of Norwich;mw128857.jpg
John Calvin;1500;French theologian;mw280086.jpg
Samuel Daniel;1500;Poet;mw133309.jpg
Guy Fawkes;1500;Gunpowder plot conspirator;mw00381.jpg
Sir Henry Saville;1500;Scholar;mw129336.jpg
Emmanuel Philibert, Duke of Savoy;1500;Duke of Savoy;mw126809.jpg
Robert Parsons;1500;Jesuit Missionary;mw129143.jpg
William Camden;1500;Antiquary and historian;mw01017.jpg
King Edward VI;1500;Reigned 1547-53;mw02031.jpg
Cuthbert Featherstone;1500;Crier to the King;mw36053.jpg
Sir Edward Warren of Poynton, 1st Bt;1500;Landowner;mw133507.jpg
Sir John Warren;1500;of Poynton;mw196841.jpg
George Gascoigne;1500;Poet;mw127504.jpg
George Baker;1500;Surgeon;mw127453.jpg
Lucy (née Somerset), Lady Latimer;1500;Lady in waiting to Katherine Parr, wife of John Neville, 4th Baron Latimer;mw252758.jpg
Henry Stuart, Lord Darnley;1500;Second Consort of Mary, Queen of Scots;mw01720.jpg
John Overall;1500;Bishop of Norwich;mw128865.jpg
Sir Thomas Overbury;1500;Poet and courtier;mw04790.jpg
Robert Scarlett ('Old Scarlett');1500;Sexton of Peterborough Cathedral;mw41880.jpg
Gaspar Schets;1500;Antwerp financier;mw272208.jpg
Lamoral, Count of Egmont and Prince of Gavre;1500;General and statesman;mw140932.jpg
Elizabeth Dauncey (née More);1500;Second daughter of Sir Thomas More, wife of William Dauncey;mw01734.jpg
Jean Daurat (Dorat);1500;Poet;mw196455.jpg
Ferdinand I, Holy Roman Emperor;1500;Holy Roman Emperor 1556-64;mw125295.jpg
John Jewel;1500;Bishop of Salisbury;mw03470.jpg
Heinrich Cornelius Agrippa;1500;Magician, occult writer, astrologer and alchemist;mw125439.jpg
Edward de Vere, 17th Earl of Oxford;1500;Courtier;mw04807.jpg
Pope Paul III (Alessandro Farnese);1500;Pope 1534-49;mw119681.jpg
Joanna ('Joanna the Mad'), Queen of Castile and León and Aragon;1500;Reigned Castile 1504-55 and Aragon 1516-55;mw84920.jpg
Edmund Geninges;1500;Roman Catholic divine;mw37566.jpg
Jean Fernel;1500;Physician;mw136001.jpg
John (or Hans), Prince of Denmark;1500;Son of Christian II of Denmark and Isabella of Austria, Crown Prince of Denmark, Norway, and Sweden;mw123792.jpg
John Thornborough;1500;Bishop of Worcester;mw06330.jpg
Henry Airay;1500;Provost of Queen's College, Oxford;mw129032.jpg
Edmund Campion;1500;Jesuit, taught in Prague;mw126991.jpg
Marie d'Assigny, Madame de Canaples;1500;Wife of Jean de Crequi, sire de Canaples;mw124803.jpg
Queen Elizabeth I;1500;Reigned 1558-1603;mw02071.jpg
Cornelis Ketel;1500;Dutch mannerist painter;mw127628.jpg
William Knollys, Earl of Banbury;1500;Statesman;mw128656.jpg
Richard Bancroft;1500;Archbishop of Canterbury;mw00317.jpg
John Gerard;1500;Herbalist;mw36974.jpg
John Davies;1500;Poet and writing master;mw133608.jpg
William Fich;1500;Capuchin monk, known as 'Father Benedict';mw40662.jpg
Johann Fichard;1500;German lawyer and biographer;mw256770.jpg
Thomas Howard, 3rd Duke of Norfolk;1500;Politician and uncle of Anne Boleyn and Catherine Howard;mw42734.jpg
Thomas Howard, 4th Duke of Norfolk;1500;Potential suitor to Mary, Queen of Scots;mw04686.jpg
Margaret Howard (née Dudley), Duchess of Norfolk;1500;Second wife of Thomas Howard, 4th Duke of Norfolk;mw127674.jpg
Richard Watts;1500;Businessman and politician, MP for Rochester;mw125682.jpg
John à Lasco;1500;Evangelical reformer;mw125647.jpg
Jerome Cardan;1500;Italian physician, mathematician and astrologer;mw125687.jpg
Anne Throckmorton (née Carew), Lady Throckmorton;1500;Wife of Sir Nicholas Throckmorton;mw127734.jpg
Sir Nicholas Throckmorton;1500;Diplomat;mw06339.jpg
Daniel Barbaro;1500;Venetian diplomat and theologian;mw43131.jpg
Ulisse Aldrovandi;1500;Italian naturalist, collector and writer;mw243859.jpg
Guillaume Leblanc;1500;French prelate, Bishop of Grasse;mw264375.jpg
William Parr, Marquess of Northampton;1500;Courtier;mw126570.jpg
George Carleton;1500;Bishop of Chichester;mw128908.jpg
Abraham Scultetus;1500;Theologian;mw129530.jpg
Henry Howard, 1st Earl of Northampton;1500;Lord Warden of the Cinque Ports;mw00166.jpg
John King;1500;Bishop of London;mw03644.jpg
Adam Elsheimer;1500;Painter, printmaker and draughtsman active in Italy;mw43259.jpg
Sir Henry Lee;1500;Master of the Ordnance;mw03838.jpg
Sir Thomas Percy, 7th Earl of Northumberland;1500;Executed for treason;mw80964.jpg
Henry Percy, 9th Earl of Northumberland;1500;Nobleman, linked to Gunpowder plot;mw128627.jpg
William Day;1500;Bishop of Winchester;mw126785.jpg
John Fisher;1500;Bishop of Rochester, cardinal and martyr;mw02233.jpg
Diego Sarmiento de Acuña, Count de Gondomar;1500;Spanish ambassador to England;mw149848.jpg
Charles Howard, 1st Earl of Nottingham;1500;Lord High Admiral;mw04714.jpg
Madeleine de Valois;1500;Queen Consort of James V of Scotland;mw124819.jpg
Henry Welby;1500;Recluse;mw132556.jpg
William Fitch (Benet of Canfield);1500;Capuchin friar;mw129132.jpg
Sir John van Olden Barnavelt (Johan van Oldenbarnevelt);1500;Dutch statesman;mw129497.jpg
John Harington, 1st Baron Harington of Exton;1500;Guardian of Princess Elizabeth;mw128671.jpg
Mary Herbert, Countess of Pembroke;1500;Writer and literary patron;mw07782.jpg
Jean Richardot;1500;President, Privy Council;mw00166 (1).jpg
Annibale Carracci;1500;Artist;mw119778.jpg
Bartholomew Carranza;1500;Archbishop of Toledo;mw19955.jpg
Pompone de Bellievre;1500;Chancellor of France;mw127931.jpg
William Allen;1500;Cardinal;mw126967.jpg
Theodor de Bry;1500;Engraver, editor and goldsmith;mw127655.jpg
John Penn (Pen);1500;Barber to King Henry VIII;mw58137.jpg
Bernard Gilpin;1500;The 'Apostle of the North';mw125996.jpg
Edward Alleyn;1500;Actor and founder of Dulwich College;mw134373.jpg
Alfonso de Castro (Alphonsus a Castro);1500;Franciscan theologian, Archbishop of Compostella;mw19955 (1).jpg
Juan de Castro;1500;Fourth viceroy of India;mw116066.jpg
Robert Sidney, 1st Earl of Leicester;1500;Courtier and poet, second son of Sir Henry Sidney;mw03854.jpg
John Maitland, 1st Baron Maitland;1500;Lord High Chancellor of Scotland;mw04165.jpg
Sir William Harper;1500;Lord Mayor of London;mw127425.jpg
Tiberius Decian;1500;Writer on law;mw82936.jpg
William Leigh;1500;Church of England clergyman;mw132566.jpg
Thomas Wentworth, 1st Baron Wentworth;1500;Lord Chamberlain;mw06692.jpg
Thomas Wentworth, 2nd Baron Wentworth;1500;Last Captain of Calais;mw06693.jpg
Daniel Tossanus;1500;Theologian;mw125435 (3).jpg
George Carew, Earl of Totnes;1500;Statesman;mw06371.jpg
John Carter;1500;Puritan and rector;mw129109.jpg
Marco Antonio de Dominis;1500;Dalmatian ecclesiastic, Archbishop of Spalatro and Dean of Windsor;mw128978.jpg
John Dee;1500;Mathematician and astrologer;mw127577.jpg
Sir Thomas Kitson;1500;Sheriff of London, Merchant, Mercer;mw125192.jpg
Henry Fitzroy, 1st Duke of Richmond and Somerset;1500;Royal bastard;mw124748.jpg
Ludovic Stuart, 1st Duke of Richmond and 2nd Duke of Lennox;1500;Nobleman, courtier and politician;mw05322.jpg
Bindo AltovitI;1500;Banker;mw43098.jpg
Thomas Cartwright;1500;Puritan divine;mw126900.jpg
Charles de Gontaut, duc de Biron;1500;Duc de Brion;mw127938.jpg
Sir Thomas Fleming;1500;Judge and tried Guy Fawkes;mw02262.jpg
Franciscus Junius the Elder;1500;Huguenot scholar and theologian;mw135069.jpg
Hadrianus Junius (Adriaen de Jonghe);1500;Physician, classical scholar, translator and humanist;mw126261.jpg
Isaac Casaubon;1500;Classical scholar and theologian;mw01132.jpg
Henry Bourchier, 2nd Earl of Essex;1500;Magnate;mw124753.jpg
Walter Devereux, 1st Earl of Essex;1500;Military commander and Earl-Marshal of Ireland;mw02130.jpg
Robert Devereux, 2nd Earl of Essex;1500;Soldier, favourite of Elizabeth I;mw09281.jpg
Frances Devereux (née Walsingham), Countess of Essex;1500;Former wife of Sir Philip Sidney and of 2nd Earl of Essex, and later wife of 4th Earl of Clanricarde;mw36500.jpg
Thomas Percy;1500;Organiser of the 'Gunpowder Plot';mw00381 (1).jpg
Matthew Stewart, 13th or 4th Earl of Lennox;1500;Magnate and Regent of Scotland;mw17085.jpg
Margaret Douglas, Countess of Lennox;1500;Mother of Lord Darnley;mw03875.jpg
Ralph Neville, 4th Earl of Westmorland;1500;Magnate;mw124753 (1).jpg
William Perkins;1500;Puritan divine;mw126890.jpg
William Shakespeare;1500;Dramatist and poet;mw11574.jpg
Mark Ridley;1500;Physician and mathematician;mw203112.jpg
Nicholas Ridley;1500;Bishop of London;mw05340.jpg
Robert Catesby;1500;Leader of the Gunpowder plot;mw00381 (2).jpg
Charles de l'Écluse (Carolus Clusius);1500;Doctor and Botanist;mw128042.jpg
Sir William Peryam;1500;Judge;mw04959.jpg
Lucas Trelcatius;1500;Theologian;mw127968.jpg
Catherine de' Medici;1500;Queen consort of France 1547-1559;mw273153.jpg
John Lesley (Leslie);1500;Bishop of Ross, historian, conspirator;mw126775.jpg
Matthias de Lobel (Lobelius);1500;Physician and botanist;mw128040.jpg
Cosimo I de' Medici, Grand Duke of Tuscany;1500;Grand Duke of Tuscany and Duke of Florence;mw140495.jpg
Patrick Forbes;1500;Bishop of Aberdeen;mw128946.jpg
Francis Godwin;1500;Bishop of Llandaff and Hereford;mw02602.jpg
Thomas Godwin;1500;Bishop of Bath and Wells;mw35489.jpg
Lancelot Andrewes;1500;Bishop of Winchester;mw128830.jpg
Thomas Cavendish;1500;Circumnavigator;mw80753.jpg
Sir John Pettus;1500;Mayor of Norwich and merchant;mw202096.jpg
Thomas Bates;1500;Gunpowder plot conspirator;mw00381 (3).jpg
William Harvey;1500;Herald;mw127428.jpg
Sir Roger Manwood;1500;Judge;mw04200.jpg
Philip II, King of Spain;1500;Husband of Mary I;mw04976.jpg
Thomas Cecil, 1st Earl of Exeter;1500;Soldier and statesman;mw02158.jpg
Anne, Queen of Hungary;1500;Wife of Ferdinand I, Holy Roman Emperor;mw128869.jpg
Anne of Cleves;1500;Fourth Queen of Henry VIII;mw136443.jpg
Anne of Denmark;1500;Queen of James I;mw202589.jpg
Princess Cecilia of Sweden;1500;Princess of Sweden, daughter to King Gustav I;mw127921.jpg
Sir Anthony Denny;1500;Courtier to King Henry VIII;mw125177.jpg
Simon Forman;1500;Astrologer and quack doctor;mw133563.jpg
Dominique Baudier;1500;Professor of History and writer;mw127994.jpg
Margaret Tudor;1500;Queen of Scotland;mw04202.jpg
John White;1500;Minister of Eccles, Lancashire;mw129003.jpg
Richard White;1500;Antiquary and jurist;mw146311.jpg
Antoine de Bourbon, King of Navarre;1500;King of Navarre, father of Henry IV, King of France;mw40660.jpg
Sir Thomas Chaloner;1500;Diplomat;mw01173.jpg
Diane de Poitiers;1500;Mistress of Henri II of France;mw40596.jpg
Edward Stanley, 3rd Earl of Derby;1500;Magnate;mw126837.jpg
Henry Stanley, 4th Earl of Derby;1500;Statesman;mw261505.jpg
Alice Spencer, Countess of Derby;1500;Noblewoman;mw19978.jpg
Sir Thomas White;1500;Lord Mayor of London and founder of St John's College, Oxford;mw126034.jpg
Cuthbert Tunstall;1500;Master of the Rolls, successively Bishop of London and Durham;mw125060.jpg
Thomas Goodrich (or Goodricke);1500;Bishop of Ely and Lord Chancellor;mw125564.jpg
Edward Dering;1500;Puritan divine;mw214676.jpg
Pierre de Ronsard;1500;French poet;mw125483.jpg
Anne Turner (née Norton);1500;Hanged for the murder of Sir Thomas Overbury;mw133879.jpg
Father Archangel;1500;Capucin preacher;mw129136.jpg
John Chambre (Chamber, Chambers);1500;Physician and cleric;mw58137 (1).jpg
Sir John Hawkins;1500;Merchant and naval commander;mw279921.jpg
James Ley, 1st Earl of Marlborough;1500;Judge;mw04219.jpg
Henry Robinson;1500;Bishop of Carlisle;mw128859.jpg
Charles de Ligne, Count of Aremberg;1500;Delegate at the Somerset House Conference;mw00166 (2).jpg
George Talbot, 4th Earl of Shrewsbury;1500;Magnate;mw125003.jpg
Elizabeth Talbot (née Walden), Countess of Shrewsbury;1500;Second wife of 4th Earl of Shrewsbury;mw125003 (1).jpg
Gilbert Talbot, 7th Earl of Shrewsbury;1500;Lord High Steward of Ireland and Lord Lieutenant of Derbyshire, patron of the arts;mw126333.jpg
Juan Baptista de Segura;1500;Jesuit Missionary and priest;mw127086.jpg
Edward Fiennes de Clinton, 1st Earl of Lincoln;1500;Lord High Admiral;mw03913.jpg
Ludovico Ariosto;1500;Composer;mw68068.jpg
John Foxe;1500;Martyrologist;mw02314.jpg
Thomas Whythorne (Whithorne);1500;Dancing master, amateur composer, autobiographer;mw42305.jpg
Fernando Alvarez de Toledo, 3rd Duke of Alba;1500;Spanish General and governor of the Spanish Netherlands;mw126258.jpg
Jacobus Arminius (Jacob Hermans (Harmans));1500;Dutch Reformed theologian;mw16848.jpg
Charles V, Holy Roman Emperor;1500;King of Spain 1516-56, Holy Roman Emperor 1519-58;mw120667.jpg
Charles IX, King of France;1500;King of France 1560-1574;mw127811.jpg
Jean Louis de Nogaret de Valette, duc d'Epernon (Espernon);1500;French Admiral;mw57689.jpg
Sir Henry Sidney;1500;Soldier and statesman;mw05806.jpg
François I (Francis I), King of France;1500;King of France 1515-1547;mw120666.jpg
François, duc de Montmorency;1500;Son of Anne, first Duc de Montmorency;mw126809 (1).jpg
François II (Francis II), King of France;1500;King of France 1559-1560, Consort of Scots 1558-1560, first husband of Mary Queen of Scots;mw126400.jpg
Sir Philip Sidney;1500;Soldier, statesman and poet;mw05807.jpg
King Sigismund III;1500;King of Poland;mw79574.jpg
Sigismund Bathory, Prince of Transylvania;1500;Reigned 1581-99;mw124526.jpg
Charles Blount, Earl of Devonshire;1500;Soldier;mw00166 (3).jpg
Pope Pius V (Antonio Ghislieri);1500;Pope 1566-72;mw128915.jpg
Edmund Tyrrell;1500;of Saint Osithes;mw224922.jpg
Thomas Becon;1500;Protestant divine;mw57726.jpg
Richard Rogers;1500;Church of England clergyman and author;mw126894.jpg
Pierre de Bocosel de Chatelard or Chastelard;1500;Poet, romantic associate of Mary, Queen of Scots;mw64883.jpg
Richard Martin;1500;Recorder of London;mw35370.jpg
Sir Henry Bedingfield (Benifield);1500;Supporter of Queen Mary I;mw56475.jpg
Philip Howard, 13th Earl of Arundel;1500;Nobleman and Catholic martyr;mw126682.jpg
Anne Howard (née Dacre), Countess of Arundel;1500;Noblewoman and priest harbourer;mw134392.jpg
Thomas Arundell, 1st Baron Arundell of Wardour;1500;Soldier of fortune;mw35115.jpg
Muriel Littleton;1500;Daughter of Lord Chancellor Thomas Bromley, wife of John Lyttelton;mw134527.jpg
Cristoforo Roncalli;1500;Painter;mw133583.jpg
Roger Ascham;1500;Author and tutor to Elizabeth I (when Princess Elizabeth);mw127591.jpg
Sir John Cheke;1500;Greek scholar;mw01264.jpg
Frederick I, Duke of Württemberg;1500;Duke of Württemberg;mw127898.jpg
Queen Mary I;1500;Reigned 1553-58, daughter of Henry VIII and Katherine of Aragon;mw09583.jpg
Mary Tudor;1500;Daughter of Henry VII, sister of Henry VIII, consort of Louis XII, 3rd wife of Charles Brandon, 1st Duke of Suffolk;mw253464.jpg
Mary of Guise;1500;Queen of James V of Scotland;mw17085 (1).jpg
Mary, Queen of Scots;1500;Reigned 1542-67;mw04269.jpg
Margaret Roper;1500;Daughter of Sir Thomas More;mw01734 (1).jpg
Andrew Willet;1500;Controversial divine;mw129016.jpg
Reginald Pole;1500;Cardinal and Archbishop of Canterbury;mw05069.jpg
Sir Everard Digby;1500;Gunpowder plot conspirator;mw133844.jpg
William I, Prince of Orange;1500;Stadtholder of the United Provinces 1579-1584;mw71551.jpg
Phillip William, Prince of Orange;1500;Prince of Orange;mw129444 (2).jpg
Sir Gervase Helwys;1500;Lieutenant of the Tower;mw37450.jpg
Arthur Chichester, Baron Chichester;1500;Army officer and administrator;mw129312.jpg
Humphrey Llwyd;1500;Welsh antiquary;mw127568.jpg
Erasmus Williams;1500;Rector of Tingewick;mw129021.jpg
Robert Francis Romulus Bellarmine;1500;Theologian, writer and cardinal;mw67057.jpg
Sir Walter Aston;1500;Sheriff of Staffordshire and Justice of the Peace;mw84643.jpg
Henri III, King of France;1500;King of France 1574-1589, King of Poland and Grand Duke of Lithuania 1573-1575;mw126809 (2).jpg
King Henry VIII;1500;Reigned 1509-47;mw03081.jpg
Henry II, King of France;1500;King of France 1547-1559;mw125415.jpg
Henri IV, King of France;1500;King of France 1589-1610;mw127857.jpg
Anton Fugger;1500;German banker;mw68251.jpg
William Fulke;1500;Puritan divine;mw126815.jpg
Tobie (or Tobias) Matthew;1500;Archbishop of York;mw04310.jpg
Johannes Sleidanus (Johann Sleidan);1500;German historian;mw125428.jpg
John Graves;1500;Centenarian;mw129392.jpg
Sir John Doddridge (or Doderidge);1500;Judge;mw01885.jpg
William Aubrey;1500;Master in Chancery;mw127296.jpg
Maurice of Nassau, Prince of Orange;1500;Prince of Orange;mw129432.jpg
Hercule François, Duke of Anjou;1500;Youngest son of Henry II, King of France and Catherine de Medici;mw127907.jpg
Maximilian II, Holy Roman Emperor;1500;Holy Roman Emperor 1564-76;mw126785 (1).jpg
John of Austria;1500;Military leader and illegitimate son of King Charles I of Spain;mw128915 (1).jpg
George Heriot;1500;Jeweller to James I and founder of Heriot's Hospital, Edinburgh;mw66599.jpg
Christophe de Longueil;1500;Scholar;mw125443.jpg
Adam Lonicer (Lonitzer);1500;Botanist;mw196498.jpg
John Aylmer;1500;Bishop of London;mw126746.jpg
Ignatius Azevedo;1500;Jesuit Missionary and Martyr;mw127084.jpg
Martin Heton;1500;Bishop of Ely;mw128854.jpg
Rudolf II, Holy Roman Emperor;1500;Holy Roman Emperor;mw127764.jpg
Sir Nicholas Poyntz;1500;Courtier and Sheriff of Gloucestershire;mw07809.jpg
Thomas Sackville, 1st Earl of Dorset;1500;Poet and Lord Treasurer;mw01914.jpg
Louise of Savoy;1500;Mother of Francis I of France;mw124755.jpg
John Bourchier, 2nd Baron Berners;1500;Statesman and writer;mw00537.jpg
Thomas Boleyn, Earl of Wiltshire and Ormond;1500;Father of Anne Boleyn;mw124753 (2).jpg
Lord Edward Russell;1500;Eldest son of 2nd Earl of Bedford;mw05527.jpg
Elizabeth Russell (née Cooke), Lady Russell;1500;Courtier;mw133715.jpg
Sir Richard Grenville;1500;Naval commander;mw02735.jpg
Peter Bertius;1500;Theologian;mw127982.jpg
Sir Thomas Smith;1500;Scholar, diplomat and political theorist;mw126785 (2).jpg
William Paulet, 1st Marquess of Winchester;1500;Statesman;mw06858.jpg
Janus Dousa (Johan van der Does);1500;Dutch statesman, historian, poet and philologist;mw128003.jpg
Arthur Grey, 14th Baron Grey of Wilton;1500;Lord Deputy of Ireland and soldier;mw126837 (1).jpg
Arthur Hildersham;1500;Puritan divine;mw03133.jpg
Pope Clement VII (Giulio de' Medici);1500;Pope 1523-34;mw118977.jpg
Anne (née Hopton), Lady Pope;1500;Former wife of 3rd Baron Wentworth, and later wife of1st Earl of Downe;mw69849.jpg
Ignatius Loyola;1500;Founder of the Jesuits;mw125460.jpg
Philipp Melanchthon;1500;German protestant reformer;mw280085.jpg
Margaret Clements (née Giggs);1500;Adopted daughter of Sir Thomas More;mw125160.jpg
Robert Winter;1500;Gunpowder plot conspirator;mw00381 (4).jpg
Thomas Winter;1500;Conspirator, brother of Robert Winter;mw00381 (5).jpg
Sir Francis Drake;1500;Admiral and circumnavigator;mw01931.jpg
Theodorus Beza (de Bèze);1500;French reformer;mw125435 (4).jpg
Michael Drayton;1500;Poet;mw01936.jpg
Antonio Priuli;1500;Doge of Venice, 1618-1623;mw121378.jpg
Sir William Ryder;1500;Lord Mayor of London;mw127417.jpg
John Lumley, 5th (or 6th) Baron Lumley;1500;A leader in the Pilgrimage of Grace;mw04036.jpg
Gerardus Mercator;1500;Flemish geographer, mathematician and cartographer;mw90833.jpg
Katharina Luther (née von Bora);1500;Nun, Wife of Martin Luther;mw272119.jpg
Martin Luther;1500;German religious reformer;mw272116.jpg
John Somerville (Somervile);1500;Traitor;mw91230.jpg
Sir William Drury;1500;Soldier;mw01948.jpg
Sir Richard Bingham;1500;Soldier and Governor of Connaught;mw00567.jpg
Guillaume de Sallus, seigneur du Bartas;1500;Poet, soldier and agent for Henry IV, King of France;mw127951.jpg
Paul Merula;1500;Lawyer and professor of History;mw128000.jpg
Jan Gruter (Janus Gruterus);1500;Dutch scholar;mw128027.jpg
Simon Grynaeus;1500;Scholar, theologian of the Reformation;mw125423.jpg
Amy Dudley (née Robsart), Lady Dudley;1500;Gentlewoman;mw119694.jpg
Lady Jane Dudley (née Grey);1500;Proclaimed Queen 1553;mw01958.jpg
Thomas Wriothesley, 1st Earl of Southampton;1500;Administrator;mw125560.jpg
Henry Wriothesley, 3rd Earl of Southampton;1500;Patron of Shakespeare;mw05918.jpg
Sir Henry Guildford;1500;Courtier and Master of the Horse and Controller of the Household;mw43309.jpg
Sir Robert Southwell;1500;Commander of the 'Elizabeth' against the Spanish Armada;mw207039.jpg
John Woodall;1500;Surgeon;mw12810.jpg
Thomas Sparke;1500;Church of England clergyman;mw207170.jpg
Sir Edward Hoby;1500;Scholar and favourite of James I;mw03170.jpg
Robert Spencer, 1st Baron Spencer;1500;Sheep farmer and politician, MP for Brackley;mw131084.jpg
Sir Edward Coke;1500;Lawyer, legal writer and politician;mw267909.jpg
George Hoefnagel;1500;Painter and engraver;mw133599.jpg
Rudolf Gwalther;1500;Theologian;mw125435 (5).jpg
William Somerset, 3rd Earl of Worcester;1500;Courtier;mw06928.jpg
Adam Blackwood;1500;Civil lawyer and Roman Catholic polemicist;mw129304.jpg
Ambrosio Spinola, Marqués de los Balbases;1500;Spanish general, Governor of the Duchy of Milan;mw129525.jpg
Bartholomeus Spranger;1500;Mannerist painter;mw207337.jpg
Sir Christopher Wray;1500;Judge;mw06938.jpg
Philemon Holland;1500;Translator;mw129369.jpg
Thomas Holland;1500;Translator, professor and Calvinist scholar;mw126819.jpg
Ambrose Blaurer;1500;German Lutheran divine;mw262815.jpg
Dominic Collins;1500;Irish Jesuit lay brother and soldier;mw127069.jpg
Francis Bacon, 1st Viscount St Alban;1500;Philosopher and Lord Chancellor;mw115306.jpg
Ludovicus Blosius;1500;Benedictine monk and writer;mw205419.jpg
Sir James Dyer;1500;Judge;mw01998.jpg
Henry Stanley, of Aughton;1500;Grandson of George Stanley, Lord Strange and Joan, 9th Baroness Strange;mw118884.jpg
Sir Thomas Bodley;1500;Diplomat and scholar;mw127572.jpg
Jodocus Hondius;1500;Artist, engraver and cartographer;mw129560.jpg
Sir John Wynn of Gwydir, 1st Bt;1500;Antiquary;mw133502.jpg
Jakob Böhme (Behmen);1500;Mystic;mw136126.jpg
Richard Hooker;1500;Theologian and philosopher;mw03236.jpg
John Hooper;1500;Bishop of Gloucester, Protestant martyr;mw125831.jpg
Sir Thomas Coningsby;1500;Soldier;mw01438.jpg
Thomas Stapleton;1500;Roman catholic controversialist;mw57845.jpg
Philip de Montmorency, Count of Hoorn;1500;Stadtholder of Guelders and admiral;mw140944.jpg
James Montagu;1500;Bishop of Winchester;mw128802.jpg
Anthony Browne, 1st Viscount Montagu;1500;Courtier and diplomat;mw04479.jpg
Nicolaus Copernicus;1500;Polish astronomer;mw42180.jpg
Anne de Montmorency, duc de Montmorency;1500;Soldier, statesman and diplomat;mw124753 (3).jpg
Charles III of Bourbon-Montpensier, 8th Duke of Bourbon;1500;Constable of France, husband of Suzanne, Duchess of Bourbon and heir-general of the House of Bourbon;mw119702.jpg
Sir Francis Moore;1500;Lawyer and politician;mw118612.jpg
John Mordaunt, 2nd Baron Mordaunt;1500;Landowner and administrator;mw200181.jpg
Sir George Bowes;1500;Military commander;mw16405.jpg
Anne More (née Cresacre);1500;Wife of John More, son of Sir Thomas More;mw01734 (2).jpg
John More;1500;Son of Sir Thomas More;mw01734 (3).jpg
Maria More (née Scrope);1500;Wife of Thomas More II;mw01734 (4).jpg
Sir Thomas More;1500;Lord Chancellor, classical scholar, author of 'Utopia', saint, canonised 1935;mw04514.jpg
Thomas More II;1500;Grandson of Sir Thomas More;mw01734 (5).jpg
Thomas Cottam;1500;English Catholic priest and martyr;mw127073.jpg
Mark Alexander Boyd;1500;Humanist scholar and writer;mw127541.jpg
John Boys;1500;Dean of Canterbury;mw99975.jpg
Paulo Giordano Orsini, Duke of Bracciano;1500;General;mw83064.jpg
Laurence Humphrey;1500;College head;mw126780.jpg
Henry Carey, 1st Baron Hunsdon;1500;Courtier and administrator;mw126818.jpg
Henry Hastings, 3rd Earl of Huntingdon;1500;Statesman;mw03324.jpg
Sir Nicholas Mosley;1500;Lord Mayor of London;mw127422.jpg
Pierre de Bourdeille, Abbé et Seigneur de Brantôme;1500;Soldier, writer;mw127957.jpg
Lady Arabella Stuart;1500;Cousin of James I;mw06118.jpg
Thomas Cranmer;1500;Archbishop of Canterbury;mw01563.jpg
George Mountain (Montaigne);1500;Archbishop of York;mw128791.jpg
Katharine Brettergh (née Bruen);1500;Exemplar of godly life, wife of William Brettergh;mw127740.jpg
Alexander Briant;1500;Roman Catholic priest and martyr;mw126998.jpg
Katherine Bertie (née Willoughby), Duchess of Suffolk;1500;Noblewoman and protestant patron, 4th wife of Charles Brandon, 1st Duke of Suffolk;mw82238.jpg
Henry Grey, 1st Duke of Suffolk;1500;Magnate, father of Lady Jane Grey;mw194306.jpg
Frances Grey, Duchess of Suffolk;1500;Wife of Henry Grey, Duke of Suffolk, mother of Lady Jane Grey;mw127681.jpg
Thomas Howard, 1st Earl of Suffolk;1500;Lord High Treasurer;mw06132.jpg
Andreas Hyperius;1500;Theologian;mw125438.jpg
William Cressye;1500;Husband of Grace Cressye (née Johnson);mw191523.jpg
Simon Sulcerus;1500;Theologian;mw125435 (6).jpg
James Crichton;1500;Rhetorician and soldier;mw127538.jpg
Thomas Brightman;1500;Church of England clergyman and presbyterian controversialist;mw126895.jpg
Anthony Criminali;1500;First martyr of the Society of Jesus;mw127008.jpg
Frances Radclyffe (née Sidney), Countess of Sussex;1500;Founder of Sidney Sussex College, Cambridge and Lady of the Bedchamber to Elizabeth I;mw127679.jpg
Richard Bristow;1500;Roman Catholic priest;mw129123.jpg
Thomas Sutton;1500;Founder of the Charterhouse;mw129352.jpg
Sir Thomas Crompton;1500;Civil lawyer;mw129301.jpg
Wolfgang Musculus;1500;Theologian;mw125435 (7).jpg
Fulke Greville, 1st Baron Brooke of Beauchamps Court;1500;Poet;mw128706.jpg
Josuah Sylvester;1500;Poet and translator of Du Bartas;mw133466.jpg
Eleanor Clifford (née Brandon), Countess of Cumberland;1500;Wife of 2nd Earl of Cumberland, niece of Henry VIII;mw118758.jpg
George Clifford, 3rd Earl of Cumberland;1500;Naval commander;mw01664.jpg
Hugh Broughton;1500;Divine and rabbinical scholar;mw129117.jpg
Richard Brownlow;1500;Chief Protonotary of the Court of Common Pleas;mw131761.jpg
John Bruen;1500;Iconoclast;mw127430.jpg
Martin Bucer (Butzer);1500;Protestant reformer;mw125620.jpg
George Buchanan;1500;Historian and scholar;mw00880.jpg
Heinrich Bullinger;1500;Swiss reformer;mw256514.jpg
Richard Burbage (Burbadge);1500;Actor;mw210991.jpg
William Butler;1500;Physician to James I;mw133299.jpg
Sir William Butts;1500;Physician and confidant of Henry VIII;mw00978.jpg
Johannes Buxtorf;1500;Hebraist;mw223439.jpg
